af	ا	تدذعغفل
af	ب	ثذرزفقل
af	ت	ادعغنو
af	ث	بسصق
af	ج	ح
af	ح	جخم
af	خ	حمن
af	د	اتذل
af	ذ	ابدرل
af	ر	بذزل
af	ز	برسط
af	س	ثزشصضطظ
af	ش	سصضطظ
af	ص	ثسشض
af	ض	سشص
af	ط	زسشظ
af	ظ	سشط
af	ع	اتغن
af	غ	اتعفل
af	ف	ابغقل
af	ق	بثفل
af	ل	ابدذرغفق
af	م	حخنو
af	ن	تخعمو
af	و	تمن
al	a	qswxy
al	b	fghnv
al	c	dfsvx
al	d	cefrsvwx
al	e	dfrsw
al	f	bcdegrtv
al	g	bfhnrtvz
al	h	bgjmntuz
al	i	jklou
al	j	hikmnuz
al	k	ijlmou
al	l	ikopë
al	m	hjkn
al	n	bghjm
al	o	iklpë
al	p	loçë
al	q	asw
al	r	defgt
al	s	acdeqwxy
al	t	fghrz
al	u	hijkz
al	v	bcdfg
al	w	adeqs
al	x	acdsy
al	y	asx
al	z	ghjtu
al	ç	pë
al	ë	lopç
am	ա	եզլմյնոս
am	բ	գեձսվփ
am	գ	բդեյչսվփ
am	դ	գժչջվ
am	ե	աբգզմյչս
am	զ	աելյն
am	է	թծղցօ
am	ը	թկհպտօ
am	թ	էըծհպրօ
am	ժ	դջվ
am	ի	լխկնոտւք
am	լ	ազինք
am	խ	իհշտք
am	ծ	էթղպրցօ
am	կ	ըիհտւ
am	հ	ըթխկշպռտ
am	ձ	բճփֆ
am	ղ	էծց
am	ճ	ձջվփֆ
am	մ	աենոս
am	յ	ագեզչ
am	ն	ազիլմուք
am	շ	խհպռտ
am	ո	աիմնւ
am	չ	գդեյվ
am	պ	ըթծհշռր
am	ջ	դժճվփ
am	ռ	հշպր
am	ս	աբգեմ
am	վ	բգդժճչջփ
am	տ	ըիխկհշւք
am	ր	թծպռց
am	ց	էծղր
am	ւ	իկնոտ
am	փ	բգձճջվֆ
am	ք	իլխնտ
am	օ	էըթծ
am	ֆ	ձճփ
ara	ء	ؤئسشي
ara	ؤ	ءبرسي
ara	ئ	ءسش
ara	ا	ةتعغفلى
ara	ب	ؤثرفقلي
ara	ة	اتنوى
ara	ت	اةعغنهوى
ara	ث	بسصقي
ara	ج	حدطك
ara	ح	جخطكم
ara	خ	حكمنه
ara	د	جط
ara	ر	ؤبلي
ara	ز	ظكمنو
ara	س	ءؤئثشصضي
ara	ش	ءئسصض
ara	ص	ثسشضي
ara	ض	سشص
ara	ط	جحدظك
ara	ظ	زطكم
ara	ع	اتغنه
ara	غ	اتعفل
ara	ف	ابغقل
ara	ق	بثفلي
ara	ك	جحخزطظم
ara	ل	ابرغفقى
ara	م	حخزظكنهو
ara	ن	ةتخزعمهو
ara	ه	تخعمن
ara	و	ةتزمن
ara	ى	اةتل
ara	ي	ءؤبثرسصق
at	a	qswxy
at	b	fghnv
at	c	dfsvx
at	d	cefrsvwx
at	e	dfrsw
at	f	bcdegrtv
at	g	bfhnrtvz
at	h	bgjmntuz
at	i	jklou
at	j	hikmnuz
at	k	ijlmou
at	l	ikopö
at	m	hjkn
at	n	bghjm
at	o	iklpö
at	p	loßäöü
at	q	asw
at	r	defgt
at	s	acdeqwxy
at	t	fghrz
at	u	hijkz
at	v	bcdfg
at	w	adeqs
at	x	acdsy
at	y	asx
at	z	ghjtu
at	ß	pü
at	ä	pöü
at	ö	lopäü
at	ü	pßäö
au	a	qswxz
au	b	fghnv
au	c	dfsvx
au	d	cefrsvwx
au	e	dfrsw
au	f	bcdegrtv
au	g	bfhnrtvy
au	h	bgjmntuy
au	i	jklou
au	j	hikmnuy
au	k	ijlmou
au	l	ikop
au	m	hjkn
au	n	bghjm
au	o	iklp
au	p	lo
au	q	asw
au	r	defgt
au	s	acdeqwxz
au	t	fghry
au	u	hijky
au	v	bcdfg
au	w	adeqs
au	x	acdsz
au	y	ghjtu
au	z	asx
az	a	qsxzü
az	b	fghnv
az	c	dfsvx
az	d	cefrsvxü
az	e	dfrsü
az	f	bcdegrtv
az	g	bfhnrtvy
az	h	bgjmntuy
az	i	jklou
az	j	hikmnuyç
az	k	ijlmouçş
az	l	ikopçış
az	m	hjknç
az	n	bghjm
az	o	iklpı
az	p	loöıə
az	q	asü
az	r	defgt
az	s	acdeqxzü
az	t	fghry
az	u	hijky
az	v	bcdfg
az	x	acdsz
az	y	ghjtu
az	z	asx
az	ç	jklmş
az	ö	pğıə
az	ü	adeqs
az	ğ	öə
az	ı	lopöşə
az	ş	klçı
az	ə	pöğı
ba	a	qswxy
ba	b	fghnv
ba	c	dfsvx
ba	d	cefrsvwx
ba	e	dfrsw
ba	f	bcdegrtv
ba	g	bfhnrtvz
ba	h	bgjmntuz
ba	i	jklou
ba	j	hikmnuz
ba	k	ijlmou
ba	l	ikopč
ba	m	hjkn
ba	n	bghjm
ba	o	iklpč
ba	p	loćčš
ba	q	asw
ba	r	defgt
ba	s	acdeqwxy
ba	t	fghrz
ba	u	hijkz
ba	v	bcdfg
ba	w	adeqs
ba	x	acdsy
ba	y	asx
ba	z	ghjtu
ba	ć	pčđš
ba	č	lopćš
ba	đ	ćš
ba	š	pćčđ
be	a	qszé
be	b	fghnv
be	c	dfsvx
be	d	cefrsvxz
be	e	dfrszé
be	f	bcdegrtv
be	g	bfhnrtvy
be	h	bgjmntuy
be	i	jklouçè
be	j	hikmnuy
be	k	ijlmou
be	l	ikmop
be	m	hjklnopù
be	n	bghjm
be	o	iklmpàç
be	p	lmoàçù
be	q	aswxz
be	r	defgt
be	s	acdeqwxz
be	t	fghry
be	u	hijkyè
be	v	bcdfg
be	w	qsx
be	x	cdqsw
be	y	ghjtuè
be	z	adeqsé
be	à	opç
be	ç	iopà
be	è	iuy
be	é	aez
be	ù	mp
bg	а	еийоуъэя
bg	б	влмч
bg	в	бдзлмнрс
bg	г	жкптфхшщ
bg	д	взмнс
bg	е	аиоуя
bg	ж	гиофхшщэ
bg	з	вдмцч
bg	и	аежош
bg	й	аъьюя
bg	к	гнстщ
bg	л	бвмнр
bg	м	бвдзлцч
bg	н	вдклпрст
bg	о	аежифшъэ
bg	п	гнртх
bg	р	влнпт
bg	с	вдкнт
bg	т	гкнпрсхщ
bg	у	аеья
bg	ф	гжохэ
bg	х	гжптф
bg	ц	змч
bg	ч	бзмц
bg	ш	гжиощ
bg	щ	гжктш
bg	ъ	айоэя
bg	ь	йуюя
bg	э	ажофъ
bg	ю	йья
bg	я	аейуъью
br	a	qswxz
br	b	fghnv
br	c	dfsvx
br	d	cefrsvwx
br	e	dfrsw
br	f	bcdegrtv
br	g	bfhnrtvy
br	h	bgjmntuy
br	i	jklou
br	j	hikmnuy
br	k	ijlmou
br	l	ikopç
br	m	hjkn
br	n	bghjm
br	o	iklpç
br	p	loç
br	q	asw
br	r	defgt
br	s	acdeqwxz
br	t	fghry
br	u	hijky
br	v	bcdfg
br	w	adeqs
br	x	acdsz
br	y	ghjtu
br	z	asx
br	ç	lop
bw	a	qswxz
bw	b	fghnv
bw	c	dfsvx
bw	d	cefrsvwx
bw	e	dfrsw
bw	f	bcdegrtv
bw	g	bfhnrtvy
bw	h	bgjmntuy
bw	i	jklou
bw	j	hikmnuy
bw	k	ijlmou
bw	l	ikop
bw	m	hjkn
bw	n	bghjm
bw	o	iklp
bw	p	lo
bw	q	asw
bw	r	defgt
bw	s	acdeqwxz
bw	t	fghry
bw	u	hijky
bw	v	bcdfg
bw	w	adeqs
bw	x	acdsz
bw	y	ghjtu
bw	z	asx
by	а	векмпсуі
by	б	длоью
by	в	акмсуцчы
by	г	лнорш
by	д	бжзлшюў
by	е	акнпр
by	ж	дзхэюў
by	з	джхэў
by	й	фцы
by	к	авепу
by	л	бгдошьюў
by	м	авпсі
by	н	геопр
by	о	бглнртшь
by	п	аекмнрті
by	р	геноптьі
by	с	авмчы
by	т	опрьі
by	у	авкцы
by	ф	йцчыя
by	х	жзъэ
by	ц	вйуфы
by	ч	всфыя
by	ш	гдлоў
by	ъ	хэ
by	ы	вйсуфцчя
by	ь	блорт
by	э	жзхъ
by	ю	бджл
by	я	фчы
by	і	ампрт
by	ў	джзлш
ca	a	qswxz
ca	b	fghnv
ca	c	dfsvx
ca	d	cefrsvwx
ca	e	dfrsw
ca	f	bcdegrtv
ca	g	bfhnrtvy
ca	h	bgjmntuy
ca	i	jklou
ca	j	hikmnuy
ca	k	ijlmou
ca	l	ikopé
ca	m	hjkn
ca	n	bghjm
ca	o	iklp
ca	p	lo
ca	q	asw
ca	r	defgt
ca	s	acdeqwxz
ca	t	fghry
ca	u	hijky
ca	v	bcdfg
ca	w	adeqs
ca	x	acdsz
ca	y	ghjtu
ca	z	asx
ca	é	l
cd	a	qsz
cd	b	fghnv
cd	c	dfsvx
cd	d	cefrsvxz
cd	e	dfrsz
cd	f	bcdegrtv
cd	g	bfhnrtvy
cd	h	bgjntuy
cd	i	jklou
cd	j	hiknuy
cd	k	ijlou
cd	l	ikmop
cd	m	lop
cd	n	bghj
cd	o	iklmp
cd	p	lmo
cd	q	aswxz
cd	r	defgt
cd	s	acdeqwxz
cd	t	fghry
cd	u	hijky
cd	v	bcdfg
cd	w	qsx
cd	x	cdqsw
cd	y	ghjtu
cd	z	adeqs
ch	a	qswxy
ch	b	fghnv
ch	c	dfsvx
ch	d	cefrsvwx
ch	e	dfrsw
ch	f	bcdegrtv
ch	g	bfhnrtvz
ch	h	bgjmntuz
ch	i	jklou
ch	j	hikmnuz
ch	k	ijlmou
ch	l	ikopö
ch	m	hjkn
ch	n	bghjm
ch	o	iklpö
ch	p	loäöü
ch	q	asw
ch	r	defgt
ch	s	acdeqwxy
ch	t	fghrz
ch	u	hijkz
ch	v	bcdfg
ch	w	adeqs
ch	x	acdsy
ch	y	asx
ch	z	ghjtu
ch	ä	pöü
ch	ö	lopäü
ch	ü	päö
cm	a	qswxz
cm	b	fghnv
cm	c	dfsvx
cm	d	cefrsvwx
cm	e	dfrsw
cm	f	bcdegrtv
cm	g	bfhnrtvy
cm	h	bgjmntuy
cm	i	jklou
cm	j	hikmnuy
cm	k	ijlmou
cm	l	ikop
cm	m	hjkn
cm	n	bghjm
cm	o	iklp
cm	p	lo
cm	q	asw
cm	r	defgt
cm	s	acdeqwxz
cm	t	fghry
cm	u	hijky
cm	v	bcdfg
cm	w	adeqs
cm	x	acdsz
cm	y	ghjtu
cm	z	asx
cn	a	qswxz
cn	b	fghnv
cn	c	dfsvx
cn	d	cefrsvwx
cn	e	dfrsw
cn	f	bcdegrtv
cn	g	bfhnrtvy
cn	h	bgjmntuy
cn	i	jklou
cn	j	hikmnuy
cn	k	ijlmou
cn	l	ikop
cn	m	hjkn
cn	n	bghjm
cn	o	iklp
cn	p	lo
cn	q	asw
cn	r	defgt
cn	s	acdeqwxz
cn	t	fghry
cn	u	hijky
cn	v	bcdfg
cn	w	adeqs
cn	x	acdsz
cn	y	ghjtu
cn	z	asx
cz	a	qswxy
cz	b	fghnv
cz	c	dfsvx
cz	d	cefrsvwx
cz	e	dfrswčěš
cz	f	bcdegrtv
cz	g	bfhnrtvz
cz	h	bgjmntuz
cz	i	jklouáíý
cz	j	hikmnuz
cz	k	ijlmou
cz	l	ikopů
cz	m	hjkn
cz	n	bghjm
cz	o	iklpáéíů
cz	p	loéíúů
cz	q	aswě
cz	r	defgtčřš
cz	s	acdeqwxy
cz	t	fghrzčřž
cz	u	hijkzáýž
cz	v	bcdfg
cz	w	adeqsěš
cz	x	acdsy
cz	y	asx
cz	z	ghjtuýřž
cz	á	iouíý
cz	é	opíú
cz	í	iopáé
cz	ú	péů
cz	ý	iuzáž
cz	č	ertřš
cz	ě	eqwš
cz	ř	rtzčž
cz	š	erwčě
cz	ů	lopú
cz	ž	tuzýř
de	a	qswxy
de	b	fghnv
de	c	dfsvx
de	d	cefrsvwx
de	e	dfrsw
de	f	bcdegrtv
de	g	bfhnrtvz
de	h	bgjmntuz
de	i	jklou
de	j	hikmnuz
de	k	ijlmou
de	l	ikopö
de	m	hjkn
de	n	bghjm
de	o	iklpö
de	p	loßäöü
de	q	asw
de	r	defgt
de	s	acdeqwxy
de	t	fghrz
de	u	hijkz
de	v	bcdfg
de	w	adeqs
de	x	acdsy
de	y	asx
de	z	ghjtu
de	ß	pü
de	ä	pöü
de	ö	lopäü
de	ü	pßäö
dk	a	qswxz
dk	b	fghnv
dk	c	dfsvx
dk	d	cefrsvwx
dk	e	dfrsw
dk	f	bcdegrtv
dk	g	bfhnrtvy
dk	h	bgjmntuy
dk	i	jklou
dk	j	hikmnuy
dk	k	ijlmou
dk	l	ikopæ
dk	m	hjkn
dk	n	bghjm
dk	o	iklpæ
dk	p	loåæø
dk	q	asw
dk	r	defgt
dk	s	acdeqwxz
dk	t	fghry
dk	u	hijky
dk	v	bcdfg
dk	w	adeqs
dk	x	acdsz
dk	y	ghjtu
dk	z	asx
dk	å	pæø
dk	æ	lopåø
dk	ø	påæ
dz	a	qszé
dz	b	fghnv
dz	c	dfsvx
dz	d	cefrsvxz
dz	e	dfrszé
dz	f	bcdegrtv
dz	g	bfhnrtvy
dz	h	bgjntuy
dz	i	jklouçè
dz	j	hiknuy
dz	k	ijlou
dz	l	ikmop
dz	m	lopù
dz	n	bghj
dz	o	iklmpàç
dz	p	lmoàçù
dz	q	aswxz
dz	r	defgt
dz	s	acdeqwxz
dz	t	fghry
dz	u	hijkyè
dz	v	bcdfg
dz	w	qsx
dz	x	cdqsw
dz	y	ghjtuè
dz	z	adeqsé
dz	à	opç
dz	ç	iopà
dz	è	iuy
dz	é	aez
dz	ù	mp
ee	a	qswxz
ee	b	fghnv
ee	c	dfsvx
ee	d	cefrsvwx
ee	e	dfrsw
ee	f	bcdegrtv
ee	g	bfhnrtvy
ee	h	bgjmntuy
ee	i	jklou
ee	j	hikmnuy
ee	k	ijlmou
ee	l	ikopö
ee	m	hjkn
ee	n	bghjm
ee	o	iklpö
ee	p	loäöü
ee	q	asw
ee	r	defgt
ee	s	acdeqwxz
ee	t	fghry
ee	u	hijky
ee	v	bcdfg
ee	w	adeqs
ee	x	acdsz
ee	y	ghjtu
ee	z	asx
ee	ä	põöü
ee	õ	äü
ee	ö	lopäü
ee	ü	päõö
eg	ء	ؤئسشي
eg	ؤ	ءبرسي
eg	ئ	ءسش
eg	ا	ةتعغفلى
eg	ب	ؤثرفقلي
eg	ة	اتنوى
eg	ت	اةعغنهوى
eg	ث	بسصقي
eg	ج	حدطك
eg	ح	جخطكم
eg	خ	حكمنه
eg	د	جط
eg	ر	ؤبلي
eg	ز	ظكمنو
eg	س	ءؤئثشصضي
eg	ش	ءئسصض
eg	ص	ثسشضي
eg	ض	سشص
eg	ط	جحدظك
eg	ظ	زطكم
eg	ع	اتغنه
eg	غ	اتعفل
eg	ف	ابغقل
eg	ق	بثفلي
eg	ك	جحخزطظم
eg	ل	ابرغفقى
eg	م	حخزظكنهو
eg	ن	ةتخزعمهو
eg	ه	تخعمن
eg	و	ةتزمن
eg	ى	اةتل
eg	ي	ءؤبثرسصق
epo	a	szĉĝŝ
epo	b	fghnv
epo	c	dfsvĉ
epo	d	cefrsvĉĝ
epo	e	dfrsĝ
epo	f	bcdegrtv
epo	g	bfhnrtvŭ
epo	h	bgjmntuŭ
epo	i	jklou
epo	j	hikmnuŭ
epo	k	ijlmou
epo	l	ikop
epo	m	hjkn
epo	n	bghjm
epo	o	iklp
epo	p	loĵ
epo	r	defgt
epo	s	acdezĉĝŝ
epo	t	fghrŭ
epo	u	hijkŭ
epo	v	bcdfg
epo	z	asĉ
epo	ĉ	acdsz
epo	ĝ	adesŝ
epo	ĥ	ĵ
epo	ĵ	pĥ
epo	ŝ	asĝ
epo	ŭ	ghjtu
es	a	qswxz
es	b	fghnv
es	c	dfsvx
es	d	cefrsvwx
es	e	dfrsw
es	f	bcdegrtv
es	g	bfhnrtvy
es	h	bgjmntuy
es	i	jklou
es	j	hikmnuy
es	k	ijlmou
es	l	ikopñ
es	m	hjkn
es	n	bghjm
es	o	iklpñ
es	p	loñ
es	q	asw
es	r	defgt
es	s	acdeqwxz
es	t	fghry
es	u	hijky
es	v	bcdfg
es	w	adeqs
es	x	acdsz
es	y	ghjtu
es	z	asx
es	ñ	lop
eu	a	qswxz
eu	b	fghnv
eu	c	dfsvx
eu	d	cefrsvwx
eu	e	dfrsw
eu	f	bcdegrtv
eu	g	bfhnrtvy
eu	h	bgjmntuy
eu	i	jklou
eu	j	hikmnuy
eu	k	ijlmou
eu	l	ikop
eu	m	hjkn
eu	n	bghjm
eu	o	iklp
eu	p	lo
eu	q	asw
eu	r	defgt
eu	s	acdeqwxz
eu	t	fghry
eu	u	hijky
eu	v	bcdfg
eu	w	adeqs
eu	x	acdsz
eu	y	ghjtu
eu	z	asx
fi	a	qswxz
fi	b	fghnv
fi	c	dfsvx
fi	d	cefrsvwx
fi	e	dfrsw
fi	f	bcdegrtv
fi	g	bfhnrtvy
fi	h	bgjmntuy
fi	i	jklou
fi	j	hikmnuy
fi	k	ijlmou
fi	l	ikopö
fi	m	hjkn
fi	n	bghjm
fi	o	iklpö
fi	p	loäåö
fi	q	asw
fi	r	defgt
fi	s	acdeqwxz
fi	t	fghry
fi	u	hijky
fi	v	bcdfg
fi	w	adeqs
fi	x	acdsz
fi	y	ghjtu
fi	z	asx
fi	ä	påö
fi	å	päö
fi	ö	lopäå
fo	a	qswxz
fo	b	fghnv
fo	c	dfsvx
fo	d	cefrsvwx
fo	e	dfrsw
fo	f	bcdegrtv
fo	g	bfhnrtvy
fo	h	bgjmntuy
fo	i	jklou
fo	j	hikmnuy
fo	k	ijlmou
fo	l	ikopæ
fo	m	hjkn
fo	n	bghjm
fo	o	iklpæ
fo	p	loåæø
fo	q	asw
fo	r	defgt
fo	s	acdeqwxz
fo	t	fghry
fo	u	hijky
fo	v	bcdfg
fo	w	adeqs
fo	x	acdsz
fo	y	ghjtu
fo	z	asx
fo	å	pæðø
fo	æ	lopåø
fo	ð	åø
fo	ø	påæð
fr	a	qszé
fr	b	fghnv
fr	c	dfsvx
fr	d	cefrsvxz
fr	e	dfrszé
fr	f	bcdegrtv
fr	g	bfhnrtvy
fr	h	bgjmntuy
fr	i	jklouçè
fr	j	hikmnuy
fr	k	ijlmou
fr	l	ikmop
fr	m	hjklnopù
fr	n	bghjm
fr	o	iklmpàç
fr	p	lmoàçù
fr	q	aswxz
fr	r	defgt
fr	s	acdeqwxz
fr	t	fghry
fr	u	hijkyè
fr	v	bcdfg
fr	w	qsx
fr	x	cdqsw
fr	y	ghjtuè
fr	z	adeqsé
fr	à	opç
fr	ç	iopà
fr	è	iuy
fr	é	aez
fr	ù	mp
gb	a	qswxz
gb	b	fghnv
gb	c	dfsvx
gb	d	cefrsvwx
gb	e	dfrsw
gb	f	bcdegrtv
gb	g	bfhnrtvy
gb	h	bgjmntuy
gb	i	jklou
gb	j	hikmnuy
gb	k	ijlmou
gb	l	ikop
gb	m	hjkn
gb	n	bghjm
gb	o	iklp
gb	p	lo
gb	q	asw
gb	r	defgt
gb	s	acdeqwxz
gb	t	fghry
gb	u	hijky
gb	v	bcdfg
gb	w	adeqs
gb	x	acdsz
gb	y	ghjtu
gb	z	asx
ge	ა	ზსქწხ
ge	ბ	გვნფჰ
ge	გ	ბვნრტფყჰ
ge	დ	ევრსფცწხ
ge	ე	დრსფწ
ge	ვ	ბგდფც
ge	ზ	ასხ
ge	ი	კლოუჯ
ge	კ	ილმოუჯ
ge	ლ	იკოპ
ge	მ	კნჯჰ
ge	ნ	ბგმჯჰ
ge	ო	იკლპ
ge	პ	ლო
ge	რ	გდეტფ
ge	ს	ადეზქცწხ
ge	ტ	გრფყჰ
ge	უ	იკყჯჰ
ge	ფ	ბგდევრტც
ge	ქ	ასწ
ge	ყ	გტუჯჰ
ge	ც	დვსფხ
ge	წ	ადესქ
ge	ხ	ადზსც
ge	ჯ	იკმნუყჰ
ge	ჰ	ბგმნტუყჯ
gh	a	qswxz
gh	b	fghnv
gh	c	dfsvx
gh	d	cefrsvwx
gh	e	dfrsw
gh	f	bcdegrtv
gh	g	bfhnrtvy
gh	h	bgjmntuy
gh	i	jklou
gh	j	hikmnuy
gh	k	ijlmou
gh	l	ikop
gh	m	hjkn
gh	n	bghjm
gh	o	iklp
gh	p	lo
gh	q	asw
gh	r	defgt
gh	s	acdeqwxz
gh	t	fghry
gh	u	hijky
gh	v	bcdfg
gh	w	adeqs
gh	x	acdsz
gh	y	ghjtu
gh	z	asx
gr	α	ζςσχ
gr	β	γηνφω
gr	γ	βηνρτυφω
gr	δ	ερςσφχψω
gr	ε	δρςσφ
gr	ζ	ασχ
gr	η	βγθμνξτυ
gr	θ	ηικξυ
gr	ι	θκλξο
gr	κ	θιλμξο
gr	λ	ικοπ
gr	μ	ηκνξ
gr	ν	βγημξ
gr	ξ	ηθικμνυ
gr	ο	ικλπ
gr	π	λο
gr	ρ	γδετφ
gr	ς	αδεσ
gr	σ	αδεζςχψ
gr	τ	γηρυφ
gr	υ	γηθξτ
gr	φ	βγδερτψω
gr	χ	αδζσψ
gr	ψ	δσφχω
gr	ω	βγδφψ
hr	a	qswxy
hr	b	fghnv
hr	c	dfsvx
hr	d	cefrsvwx
hr	e	dfrsw
hr	f	bcdegrtv
hr	g	bfhnrtvz
hr	h	bgjmntuz
hr	i	jklou
hr	j	hikmnuz
hr	k	ijlmou
hr	l	ikopč
hr	m	hjkn
hr	n	bghjm
hr	o	iklpč
hr	p	loćčš
hr	q	asw
hr	r	defgt
hr	s	acdeqwxy
hr	t	fghrz
hr	u	hijkz
hr	v	bcdfg
hr	w	adeqs
hr	x	acdsy
hr	y	asx
hr	z	ghjtu
hr	ć	pčđš
hr	č	lopćš
hr	đ	ćš
hr	š	pćčđ
hu	a	qswxy
hu	b	fghnv
hu	c	dfsvx
hu	d	cefrsvwx
hu	e	dfrsw
hu	f	bcdegrtv
hu	g	bfhnrtvz
hu	h	bgjmntuz
hu	i	jklou
hu	j	hikmnuz
hu	k	ijlmou
hu	l	ikopé
hu	m	hjkn
hu	n	bghjm
hu	o	iklpéö
hu	p	loáéöüő
hu	q	asw
hu	r	defgt
hu	s	acdeqwxy
hu	t	fghrz
hu	u	hijkz
hu	v	bcdfg
hu	w	adeqs
hu	x	acdsy
hu	y	asx
hu	z	ghjtu
hu	á	péúő
hu	é	lopáő
hu	ó	úüő
hu	ö	opüő
hu	ú	áóüő
hu	ü	póöúő
hu	ő	páéóöúü
id	a	qswxz
id	b	fghnv
id	c	dfsvx
id	d	cefrsvwx
id	e	dfrsw
id	f	bcdegrtv
id	g	bfhnrtvy
id	h	bgjmntuy
id	i	jklou
id	j	hikmnuy
id	k	ijlmou
id	l	ikop
id	m	hjkn
id	n	bghjm
id	o	iklp
id	p	lo
id	q	asw
id	r	defgt
id	s	acdeqwxz
id	t	fghry
id	u	hijky
id	v	bcdfg
id	w	adeqs
id	x	acdsz
id	y	ghjtu
id	z	asx
ie	a	qswxz
ie	b	fghnv
ie	c	dfsvx
ie	d	cefrsvwx
ie	e	dfrsw
ie	f	bcdegrtv
ie	g	bfhnrtvy
ie	h	bgjmntuy
ie	i	jklou
ie	j	hikmnuy
ie	k	ijlmou
ie	l	ikop
ie	m	hjkn
ie	n	bghjm
ie	o	iklp
ie	p	lo
ie	q	asw
ie	r	defgt
ie	s	acdeqwxz
ie	t	fghry
ie	u	hijky
ie	v	bcdfg
ie	w	adeqs
ie	x	acdsz
ie	y	ghjtu
ie	z	asx
il	א	טיכער
il	ב	גדהכס
il	ג	בדהכסקר
il	ד	בגזסקש
il	ה	בגכנע
il	ו	חטילן
il	ז	דסש
il	ח	וטילמןצת
il	ט	אוחיע
il	י	אוחטמנעצ
il	ך	לםןףפץת
il	כ	אבגהנעקר
il	ל	וחךםןץצת
il	ם	ךלןףפ
il	מ	חינעצ
il	ן	וחךלם
il	נ	היכמע
il	ס	בגדזש
il	ע	אהטיכמנר
il	ף	ךםפץ
il	פ	ךםף
il	ץ	ךלףת
il	צ	חילמת
il	ק	גדכר
il	ר	אגכעק
il	ש	דזס
il	ת	חךלץצ
iq	ء	ؤئسشي
iq	ؤ	ءبرسي
iq	ئ	ءسش
iq	ا	ةتعغفلى
iq	ب	ؤثرفقلي
iq	ة	اتنوى
iq	ت	اةعغنهوى
iq	ث	بسصقي
iq	ج	حدطك
iq	ح	جخطكم
iq	خ	حكمنه
iq	د	جط
iq	ر	ؤبلي
iq	ز	ظكمنو
iq	س	ءؤئثشصضي
iq	ش	ءئسصض
iq	ص	ثسشضي
iq	ض	سشص
iq	ط	جحدظك
iq	ظ	زطكم
iq	ع	اتغنه
iq	غ	اتعفل
iq	ف	ابغقل
iq	ق	بثفلي
iq	ك	جحخزطظم
iq	ل	ابرغفقى
iq	م	حخزظكنهو
iq	ن	ةتخزعمهو
iq	ه	تخعمن
iq	و	ةتزمن
iq	ى	اةتل
iq	ي	ءؤبثرسصق
ir	ا	تدذعغفلپ
ir	ب	ثذرزفقلی
ir	ت	ادعغنوپ
ir	ث	بسصقی
ir	ج	حچکگ
ir	ح	جخمکگ
ir	خ	حمنک
ir	د	اتذلپ
ir	ذ	ابدرل
ir	ر	بذزلی
ir	ز	برسطی
ir	س	ثزشصضطظی
ir	ش	سصضطظ
ir	ص	ثسشضی
ir	ض	سشص
ir	ط	زسشظی
ir	ظ	سشط
ir	ع	اتغن
ir	غ	اتعفل
ir	ف	ابغقل
ir	ق	بثفلی
ir	ل	ابدذرغفق
ir	م	حخنوک
ir	ن	تخعموپ
ir	و	تمنپ
ir	پ	اتدنو
ir	چ	جگ
ir	ک	جحخمگ
ir	گ	جحچک
ir	ی	بثرزسصطق
is	a	qswxz
is	b	fghnv
is	c	dfsvx
is	d	cefrsvwx
is	e	dfrsw
is	f	bcdegrtv
is	g	bfhnrtvy
is	h	bgjmntuy
is	i	jklou
is	j	hikmnuy
is	k	ijlmou
is	l	ikopæþ
is	m	hjkn
is	n	bghjm
is	o	iklpæ
is	p	loæðö
is	q	asw
is	r	defgt
is	s	acdeqwxz
is	t	fghry
is	u	hijky
is	v	bcdfg
is	w	adeqs
is	x	acdsz
is	y	ghjtu
is	z	asx
is	æ	lopðþ
is	ð	pæö
is	ö	pð
is	þ	læ
it	a	qswxz
it	b	fghnv
it	c	dfsvx
it	d	cefrsvwx
it	e	dfrsw
it	f	bcdegrtv
it	g	bfhnrtvy
it	h	bgjmntuy
it	i	jklou
it	j	hikmnuy
it	k	ijlmou
it	l	ikopò
it	m	hjkn
it	n	bghjm
it	o	iklpò
it	p	loàèò
it	q	asw
it	r	defgt
it	s	acdeqwxz
it	t	fghry
it	u	hijky
it	v	bcdfg
it	w	adeqs
it	x	acdsz
it	y	ghjtu
it	z	asx
it	à	pèò
it	è	pàìò
it	ì	è
it	ò	lopàè
jp	a	qswxz
jp	b	fghnv
jp	c	dfsvx
jp	d	cefrsvwx
jp	e	dfrsw
jp	f	bcdegrtv
jp	g	bfhnrtvy
jp	h	bgjmntuy
jp	i	jklou
jp	j	hikmnuy
jp	k	ijlmou
jp	l	ikop
jp	m	hjkn
jp	n	bghjm
jp	o	iklp
jp	p	lo
jp	q	asw
jp	r	defgt
jp	s	acdeqwxz
jp	t	fghry
jp	u	hijky
jp	v	bcdfg
jp	w	adeqs
jp	x	acdsz
jp	y	ghjtu
jp	z	asx
ke	a	qswxz
ke	b	fghnv
ke	c	dfsvx
ke	d	cefrsvwx
ke	e	dfrsw
ke	f	bcdegrtv
ke	g	bfhnrtvy
ke	h	bgjmntuy
ke	i	jklou
ke	j	hikmnuy
ke	k	ijlmou
ke	l	ikop
ke	m	hjkn
ke	n	bghjm
ke	o	iklp
ke	p	lo
ke	q	asw
ke	r	defgt
ke	s	acdeqwxz
ke	t	fghry
ke	u	hijky
ke	v	bcdfg
ke	w	adeqs
ke	x	acdsz
ke	y	ghjtu
ke	z	asx
kg	а	веикмпсу
kg	б	длоью
kg	в	акмсуцчы
kg	г	лнорш
kg	д	бжзлшщю
kg	е	акнпр
kg	ж	дзхщэю
kg	з	джхщэө
kg	и	ампрт
kg	й	фцы
kg	к	авепу
kg	л	бгдошщью
kg	м	авипс
kg	н	геопр
kg	о	бглнртшь
kg	п	аеикмнрт
kg	р	геинопть
kg	с	авмчы
kg	т	иопрь
kg	у	авкцы
kg	ф	йцчыя
kg	х	жзъэңө
kg	ц	вйуфы
kg	ч	всфыя
kg	ш	гдлощ
kg	щ	джзлш
kg	ъ	хэңө
kg	ы	вйсуфцчя
kg	ь	блорт
kg	э	жзхъ
kg	ю	бджл
kg	я	фчы
kg	ң	хъө
kg	ө	зхъң
kr	a	qswxz
kr	b	fghnv
kr	c	dfsvx
kr	d	cefrsvwx
kr	e	dfrsw
kr	f	bcdegrtv
kr	g	bfhnrtvy
kr	h	bgjmntuy
kr	i	jklou
kr	j	hikmnuy
kr	k	ijlmou
kr	l	ikop
kr	m	hjkn
kr	n	bghjm
kr	o	iklp
kr	p	lo
kr	q	asw
kr	r	defgt
kr	s	acdeqwxz
kr	t	fghry
kr	u	hijky
kr	v	bcdfg
kr	w	adeqs
kr	x	acdsz
kr	y	ghjtu
kr	z	asx
kz	а	веикмпсу
kz	б	длоью
kz	в	акмсуцчы
kz	г	лноршү
kz	д	бжзлшщю
kz	е	акнпрғң
kz	ж	дзхщэю
kz	з	джхщэқұө
kz	и	ампрт
kz	й	фцыә
kz	к	авепуіғң
kz	л	бгдошщью
kz	м	авипс
kz	н	геопрғ
kz	о	бглнртшь
kz	п	аеикмнрт
kz	р	геинопть
kz	с	авмчы
kz	т	иопрь
kz	у	авкцыіңә
kz	ф	йцчыя
kz	х	жзъэқһө
kz	ц	вйуфыіә
kz	ч	всфыя
kz	ш	гдлощүұ
kz	щ	джзлшқүұ
kz	ъ	хэһө
kz	ы	вйсуфцчя
kz	ь	блорт
kz	э	жзхъ
kz	ю	бджл
kz	я	фчы
kz	і	куцңә
kz	ғ	екнң
kz	қ	зхщұө
kz	ң	екуіғ
kz	ү	гшщұ
kz	ұ	зшщқү
kz	һ	хъө
kz	ә	йуці
kz	ө	зхъқһ
latam	a	qswxz
latam	b	fghnv
latam	c	dfsvx
latam	d	cefrsvwx
latam	e	dfrsw
latam	f	bcdegrtv
latam	g	bfhnrtvy
latam	h	bgjmntuy
latam	i	jklou
latam	j	hikmnuy
latam	k	ijlmou
latam	l	ikopñ
latam	m	hjkn
latam	n	bghjm
latam	o	iklpñ
latam	p	loñ
latam	q	asw
latam	r	defgt
latam	s	acdeqwxz
latam	t	fghry
latam	u	hijky
latam	v	bcdfg
latam	w	adeqs
latam	x	acdsz
latam	y	ghjtu
latam	z	asx
latam	ñ	lop
latin	a	qswxz
latin	b	fghnv
latin	c	dfsvx
latin	d	cefrsvwx
latin	e	dfrsw
latin	f	bcdegrtv
latin	g	bfhnrtvy
latin	h	bgjmntuy
latin	i	jklou
latin	j	hikmnuy
latin	k	ijlmou
latin	l	ikop
latin	m	hjkn
latin	n	bghjm
latin	o	iklp
latin	p	lo
latin	q	asw
latin	r	defgt
latin	s	acdeqwxz
latin	t	fghry
latin	u	hijky
latin	v	bcdfg
latin	w	adeqs
latin	x	acdsz
latin	y	ghjtu
latin	z	asx
lk	අ	ඇඍඤඳස
lk	ඇ	අඍඑදස
lk	ඉ	උඔකජල
lk	උ	ඉකජයහ
lk	ඍ	අඇස
lk	එ	ඇදරසෆ
lk	ඔ	ඉකපල
lk	ක	ඉඋඔජමල
lk	ග	තනබයරවහෆ
lk	ච	දඳවසෆ
lk	ජ	ඉඋකනමයහ
lk	ඤ	අඳස
lk	ත	ගයරහෆ
lk	ද	ඇඑචඳරවසෆ
lk	න	ගජබමහ
lk	ඳ	අචඤදස
lk	ප	ඔල
lk	බ	ගනවහෆ
lk	ම	කජනහ
lk	ය	උගජතහ
lk	ර	එගතදෆ
lk	ල	ඉඔකප
lk	ව	ගචදබෆ
lk	ස	අඇඍඑචඤදඳ
lk	හ	උගජතනබමය
lk	ෆ	එගචතදබරව
lt	a	qswxz
lt	b	fghnv
lt	c	dfsvx
lt	d	cefrsvwx
lt	e	dfrswčėę
lt	f	bcdegrtv
lt	g	bfhnrtvy
lt	h	bgjmntuy
lt	i	jklouūų
lt	j	hikmnuy
lt	k	ijlmou
lt	l	ikop
lt	m	hjkn
lt	n	bghjm
lt	o	iklpū
lt	p	lo
lt	q	aswąč
lt	r	defgtėęį
lt	s	acdeqwxz
lt	t	fghryėįš
lt	u	hijkyšūų
lt	v	bcdfg
lt	w	adeqsąčę
lt	x	acdsz
lt	y	ghjtuįšų
lt	z	asx
lt	ą	qwč
lt	č	eqwąę
lt	ė	ertęį
lt	ę	erwčė
lt	į	rtyėš
lt	š	tuyįų
lt	ū	iouų
lt	ų	iuyšū
lt	ž	
lv	a	qswxz
lv	b	fghnv
lv	c	dfsvx
lv	d	cefrsvwx
lv	e	dfrsw
lv	f	bcdegrtv
lv	g	bfhnrtvy
lv	h	bgjmntuy
lv	i	jklou
lv	j	hikmnuy
lv	k	ijlmou
lv	l	ikop
lv	m	hjkn
lv	n	bghjm
lv	o	iklp
lv	p	lo
lv	q	asw
lv	r	defgt
lv	s	acdeqwxz
lv	t	fghry
lv	u	hijky
lv	v	bcdfg
lv	w	adeqs
lv	x	acdsz
lv	y	ghjtu
lv	z	asx
ma	à	çجحخ
ma	ç	àحخه
ma	è	عغه
ma	é	ثصض
ma	ء	ؤئسشي
ma	ؤ	ءبرسي
ma	ئ	ءسش
ma	ا	ةتعغفلى
ma	ب	ؤثرفقلي
ma	ة	اتنوى
ma	ت	اةعغنهوى
ma	ث	éبسصقي
ma	ج	àحدطك
ma	ح	àçجخطكم
ma	خ	àçحكمنه
ma	د	جط
ma	ر	ؤبلي
ma	ز	ظكمنو
ma	س	ءؤئثشصضي
ma	ش	ءئسصض
ma	ص	éثسشضي
ma	ض	éسشص
ma	ط	جحدظك
ma	ظ	زطكم
ma	ع	èاتغنه
ma	غ	èاتعفل
ma	ف	ابغقل
ma	ق	بثفلي
ma	ك	جحخزطظم
ma	ل	ابرغفقى
ma	م	حخزظكنهو
ma	ن	ةتخزعمهو
ma	ه	çèتخعمن
ma	و	ةتزمن
ma	ى	اةتل
ma	ي	ءؤبثرسصق
md	a	qswxz
md	b	fghnv
md	c	dfsvx
md	d	cefrsvwx
md	e	dfrsw
md	f	bcdegrtv
md	g	bfhnrtvy
md	h	bgjmntuy
md	i	jklou
md	j	hikmnuy
md	k	ijlmou
md	l	ikop
md	m	hjkn
md	n	bghjm
md	o	iklp
md	p	lo
md	q	asw
md	r	defgt
md	s	acdeqwxz
md	t	fghry
md	u	hijky
md	v	bcdfg
md	w	adeqs
md	x	acdsz
md	y	ghjtu
md	z	asx
me	a	qswxy
me	b	fghnv
me	c	dfsvx
me	d	cefrsvwx
me	e	dfrsw
me	f	bcdegrtv
me	g	bfhnrtvz
me	h	bgjmntuz
me	i	jklou
me	j	hikmnuz
me	k	ijlmou
me	l	ikopč
me	m	hjkn
me	n	bghjm
me	o	iklpč
me	p	loćčš
me	q	asw
me	r	defgt
me	s	acdeqwxy
me	t	fghrz
me	u	hijkz
me	v	bcdfg
me	w	adeqs
me	x	acdsy
me	y	asx
me	z	ghjtu
me	ć	pčđš
me	č	lopćš
me	đ	ćš
me	š	pćčđ
mk	а	зсљњџ
mk	б	вгнфх
mk	в	бгдфц
mk	г	бвнртфхѕ
mk	д	версфцњџ
mk	е	дрсфњ
mk	з	асџ
mk	и	клоуј
mk	к	илмоуј
mk	л	икопч
mk	м	кнхј
mk	н	бгмхј
mk	о	иклпч
mk	п	лочшќ
mk	р	гдетф
mk	с	адезцљњџ
mk	т	грфхѕ
mk	у	икхѕј
mk	ф	бвгдертц
mk	х	бгмнтуѕј
mk	ц	вдсфџ
mk	ч	лопшќ
mk	ш	пчѓќ
mk	ѓ	шќ
mk	ѕ	гтухј
mk	ј	икмнухѕ
mk	љ	асњ
mk	њ	адесљ
mk	ќ	пчшѓ
mk	џ	адзсц
ml	a	qszé
ml	b	fghnv
ml	c	dfsvx
ml	d	cefrsvxz
ml	e	dfrszé
ml	f	bcdegrtv
ml	g	bfhnrtvy
ml	h	bgjmntuy
ml	i	jklouçè
ml	j	hikmnuy
ml	k	ijlmou
ml	l	ikmop
ml	m	hjklnopù
ml	n	bghjm
ml	o	iklmpàç
ml	p	lmoàçù
ml	q	aswxz
ml	r	defgt
ml	s	acdeqwxz
ml	t	fghry
ml	u	hijkyè
ml	v	bcdfg
ml	w	qsx
ml	x	cdqsw
ml	y	ghjtuè
ml	z	adeqsé
ml	à	opç
ml	ç	iopà
ml	è	iuy
ml	é	aez
ml	ù	mp
mn	а	жимнсхэө
mn	б	жсуцчыёө
mn	в	длоью
mn	г	норхш
mn	д	взклпюү
mn	е	зкщъ
mn	ж	абуэө
mn	з	деклпү
mn	и	амртх
mn	й	фцчыя
mn	к	дезпщъ
mn	л	вдзошьюү
mn	м	аисхө
mn	н	агрхэ
mn	о	вглртшьү
mn	п	дзкъю
mn	р	гинотхшь
mn	с	абмёө
mn	т	иорхь
mn	у	бжцыө
mn	ф	йцы
mn	х	агимнртэ
mn	ц	бйуфы
mn	ч	бйыяё
mn	ш	глорү
mn	щ	екъ
mn	ъ	екпщ
mn	ы	бйуфцчяё
mn	ь	влорт
mn	э	ажнхө
mn	ю	вдлп
mn	я	йчы
mn	ё	бсчыө
mn	ү	дзлош
mn	ө	абжмсуэё
mt	a	qswxz
mt	b	fghnv
mt	c	dfsvx
mt	d	cefrsvwx
mt	e	dfrsw
mt	f	bcdegrtv
mt	g	bfhnrtvy
mt	h	bgjmntuy
mt	i	jklou
mt	j	hikmnuy
mt	k	ijlmou
mt	l	ikop
mt	m	hjkn
mt	n	bghjm
mt	o	iklp
mt	p	loġ
mt	q	asw
mt	r	defgt
mt	s	acdeqwxz
mt	t	fghry
mt	u	hijky
mt	v	bcdfg
mt	w	adeqs
mt	x	acdsz
mt	y	ghjtu
mt	z	asx
mt	ġ	pħ
mt	ħ	ġ
my	ء	ؤئسشي
my	ؤ	ءبرسي
my	ئ	ءسش
my	ا	ةتعغفلى
my	ب	ؤثرفقلي
my	ة	اتنوى
my	ت	اةعغنهوى
my	ث	بسصقي
my	ج	دط
my	خ	منه
my	د	جط
my	ر	ؤبلي
my	ز	ظمنو
my	س	ءؤئثشصضي
my	ش	ءئسصض
my	ص	ثسشضي
my	ض	سشص
my	ط	جدظ
my	ظ	زطم
my	ع	اتغنه
my	غ	اتعفل
my	ف	ابغقل
my	ق	بثفلي
my	ل	ابرغفقى
my	م	خزظنهو
my	ن	ةتخزعمهو
my	ه	تخعمن
my	و	ةتزمن
my	ى	اةتل
my	ي	ءؤبثرسصق
ng	a	qswxz
ng	b	fghnv
ng	c	dfsvx
ng	d	cefrsvwx
ng	e	dfrsw
ng	f	bcdegrtv
ng	g	bfhnrtvy
ng	h	bgjmntuy
ng	i	jklou
ng	j	hikmnuy
ng	k	ijlmou
ng	l	ikop
ng	m	hjkn
ng	n	bghjm
ng	o	iklp
ng	p	lo
ng	q	asw
ng	r	defgt
ng	s	acdeqwxz
ng	t	fghry
ng	u	hijky
ng	v	bcdfg
ng	w	adeqs
ng	x	acdsz
ng	y	ghjtu
ng	z	asx
nl	a	qswxz
nl	b	fghnv
nl	c	dfsvx
nl	d	cefrsvwx
nl	e	dfrsw
nl	f	bcdegrtv
nl	g	bfhnrtvy
nl	h	bgjmntuy
nl	i	jklou
nl	j	hikmnuy
nl	k	ijlmou
nl	l	ikop
nl	m	hjkn
nl	n	bghjm
nl	o	iklp
nl	p	lo
nl	q	asw
nl	r	defgt
nl	s	acdeqwxz
nl	t	fghry
nl	u	hijky
nl	v	bcdfg
nl	w	adeqs
nl	x	acdsz
nl	y	ghjtu
nl	z	asx
no	a	qswxz
no	b	fghnv
no	c	dfsvx
no	d	cefrsvwx
no	e	dfrsw
no	f	bcdegrtv
no	g	bfhnrtvy
no	h	bgjmntuy
no	i	jklou
no	j	hikmnuy
no	k	ijlmou
no	l	ikopø
no	m	hjkn
no	n	bghjm
no	o	iklpø
no	p	loåæø
no	q	asw
no	r	defgt
no	s	acdeqwxz
no	t	fghry
no	u	hijky
no	v	bcdfg
no	w	adeqs
no	x	acdsz
no	y	ghjtu
no	z	asx
no	å	pæø
no	æ	påø
no	ø	lopåæ
nz	a	qswxz
nz	b	fghnv
nz	c	dfsvx
nz	d	cefrsvwx
nz	e	dfrsw
nz	f	bcdegrtv
nz	g	bfhnrtvy
nz	h	bgjmntuy
nz	i	jklou
nz	j	hikmnuy
nz	k	ijlmou
nz	l	ikop
nz	m	hjkn
nz	n	bghjm
nz	o	iklp
nz	p	lo
nz	q	asw
nz	r	defgt
nz	s	acdeqwxz
nz	t	fghry
nz	u	hijky
nz	v	bcdfg
nz	w	adeqs
nz	x	acdsz
nz	y	ghjtu
nz	z	asx
pl	a	qswxz
pl	b	fghnv
pl	c	dfsvx
pl	d	cefrsvwx
pl	e	dfrsw
pl	f	bcdegrtv
pl	g	bfhnrtvy
pl	h	bgjmntuy
pl	i	jklou
pl	j	hikmnuy
pl	k	ijlmou
pl	l	ikop
pl	m	hjkn
pl	n	bghjm
pl	o	iklp
pl	p	lo
pl	q	asw
pl	r	defgt
pl	s	acdeqwxz
pl	t	fghry
pl	u	hijky
pl	v	bcdfg
pl	w	adeqs
pl	x	acdsz
pl	y	ghjtu
pl	z	asx
pt	a	qswxz
pt	b	fghnv
pt	c	dfsvx
pt	d	cefrsvwx
pt	e	dfrsw
pt	f	bcdegrtv
pt	g	bfhnrtvy
pt	h	bgjmntuy
pt	i	jklou
pt	j	hikmnuy
pt	k	ijlmou
pt	l	ikopç
pt	m	hjkn
pt	n	bghjm
pt	o	iklpç
pt	p	loç
pt	q	asw
pt	r	defgt
pt	s	acdeqwxz
pt	t	fghry
pt	u	hijky
pt	v	bcdfg
pt	w	adeqs
pt	x	acdsz
pt	y	ghjtu
pt	z	asx
pt	ç	lop
ro	a	qswxz
ro	b	fghnv
ro	c	dfsvx
ro	d	cefrsvwx
ro	e	dfrsw
ro	f	bcdegrtv
ro	g	bfhnrtvy
ro	h	bgjmntuy
ro	i	jklou
ro	j	hikmnuy
ro	k	ijlmou
ro	l	ikop
ro	m	hjkn
ro	n	bghjm
ro	o	iklp
ro	p	lo
ro	q	asw
ro	r	defgt
ro	s	acdeqwxz
ro	t	fghry
ro	u	hijky
ro	v	bcdfg
ro	w	adeqs
ro	x	acdsz
ro	y	ghjtu
ro	z	asx
rs	а	жсљњџ
rs	б	вгнфх
rs	в	бгдфц
rs	г	бвзнртфх
rs	д	версфцњџ
rs	е	дрсфњ
rs	ж	асџ
rs	з	гтухј
rs	и	клоуј
rs	к	илмоуј
rs	л	икопч
rs	м	кнхј
rs	н	бгмхј
rs	о	иклпч
rs	п	лочшћ
rs	р	гдетф
rs	с	адежцљњџ
rs	т	гзрфх
rs	у	зикхј
rs	ф	бвгдертц
rs	х	бгзмнтуј
rs	ц	вдсфџ
rs	ч	лопшћ
rs	ш	пчђћ
rs	ђ	шћ
rs	ј	зикмнух
rs	љ	асњ
rs	њ	адесљ
rs	ћ	пчшђ
rs	џ	аджсц
ru	а	веикмпсу
ru	б	длоью
ru	в	акмсуцчы
ru	г	лнорш
ru	д	бжзлшщю
ru	е	акнпр
ru	ж	дзхщэю
ru	з	джхщэ
ru	и	ампрт
ru	й	фцы
ru	к	авепу
ru	л	бгдошщью
ru	м	авипс
ru	н	геопр
ru	о	бглнртшь
ru	п	аеикмнрт
ru	р	геинопть
ru	с	авмчы
ru	т	иопрь
ru	у	авкцы
ru	ф	йцчыя
ru	х	жзъэ
ru	ц	вйуфы
ru	ч	всфыя
ru	ш	гдлощ
ru	щ	джзлш
ru	ъ	хэ
ru	ы	вйсуфцчя
ru	ь	блорт
ru	э	жзхъ
ru	ю	бджл
ru	я	фчы
se	a	qswxz
se	b	fghnv
se	c	dfsvx
se	d	cefrsvwx
se	e	dfrsw
se	f	bcdegrtv
se	g	bfhnrtvy
se	h	bgjmntuy
se	i	jklou
se	j	hikmnuy
se	k	ijlmou
se	l	ikopö
se	m	hjkn
se	n	bghjm
se	o	iklpö
se	p	loäåö
se	q	asw
se	r	defgt
se	s	acdeqwxz
se	t	fghry
se	u	hijky
se	v	bcdfg
se	w	adeqs
se	x	acdsz
se	y	ghjtu
se	z	asx
se	ä	påö
se	å	päö
se	ö	lopäå
si	a	qswxy
si	b	fghnv
si	c	dfsvx
si	d	cefrsvwx
si	e	dfrsw
si	f	bcdegrtv
si	g	bfhnrtvz
si	h	bgjmntuz
si	i	jklou
si	j	hikmnuz
si	k	ijlmou
si	l	ikopč
si	m	hjkn
si	n	bghjm
si	o	iklpč
si	p	loćčš
si	q	asw
si	r	defgt
si	s	acdeqwxy
si	t	fghrz
si	u	hijkz
si	v	bcdfg
si	w	adeqs
si	x	acdsy
si	y	asx
si	z	ghjtu
si	ć	pčđš
si	č	lopćš
si	đ	ćš
si	š	pćčđ
sk	a	qswxy
sk	b	fghnv
sk	c	dfsvx
sk	d	cefrsvwx
sk	e	dfrswčľš
sk	f	bcdegrtv
sk	g	bfhnrtvz
sk	h	bgjmntuz
sk	i	jklouáíý
sk	j	hikmnuz
sk	k	ijlmou
sk	l	ikopô
sk	m	hjkn
sk	n	bghjm
sk	o	iklpáéíô
sk	p	loéíôú
sk	q	aswľ
sk	r	defgtčšť
sk	s	acdeqwxy
sk	t	fghrzčťž
sk	u	hijkzáýž
sk	v	bcdfg
sk	w	adeqsľš
sk	x	acdsy
sk	y	asx
sk	z	ghjtuýťž
sk	á	iouíý
sk	ä	ú
sk	é	opíú
sk	í	iopáé
sk	ô	lopú
sk	ú	päéô
sk	ý	iuzáž
sk	č	ertšť
sk	ľ	eqwš
sk	š	erwčľ
sk	ť	rtzčž
sk	ž	tuzýť
sn	a	qszé
sn	b	fghnv
sn	c	dfsvx
sn	d	cefrsvxz
sn	e	dfrszé
sn	f	bcdegrtv
sn	g	bfhnrtvy
sn	h	bgjmntuy
sn	i	jklouçè
sn	j	hikmnuy
sn	k	ijlmou
sn	l	ikmop
sn	m	hjklnopñŋ
sn	n	bghjm
sn	o	iklmpàç
sn	p	lmoàçñŋ
sn	q	aswxz
sn	r	defgt
sn	s	acdeqwxz
sn	t	fghry
sn	u	hijkyè
sn	v	bcdfg
sn	w	qsx
sn	x	cdqsw
sn	y	ghjtuè
sn	z	adeqsé
sn	à	opçŋ
sn	ç	iopà
sn	è	iuy
sn	é	aez
sn	ñ	mpŋ
sn	ŋ	mpàñ
sy	ء	ؤئسشي
sy	ؤ	ءبرسي
sy	ئ	ءسش
sy	ا	ةتعغفلى
sy	ب	ؤثرفقلي
sy	ة	اتنوى
sy	ت	اةعغنهوى
sy	ث	بسصقي
sy	ج	حدطك
sy	ح	جخطكم
sy	خ	حكمنه
sy	د	جط
sy	ر	ؤبلي
sy	ز	ظكمنو
sy	س	ءؤئثشصضي
sy	ش	ءئسصض
sy	ص	ثسشضي
sy	ض	سشص
sy	ط	جحدظك
sy	ظ	زطكم
sy	ع	اتغنه
sy	غ	اتعفل
sy	ف	ابغقل
sy	ق	بثفلي
sy	ك	جحخزطظم
sy	ل	ابرغفقى
sy	م	حخزظكنهو
sy	ن	ةتخزعمهو
sy	ه	تخعمن
sy	و	ةتزمن
sy	ى	اةتل
sy	ي	ءؤبثرسصق
tg	a	qszé
tg	b	fghnv
tg	c	dfsvx
tg	d	cefrsvxz
tg	e	dfrszé
tg	f	bcdegrtv
tg	g	bfhnrtvy
tg	h	bgjntuy
tg	i	jklouçè
tg	j	hiknuy
tg	k	ijlou
tg	l	ikmop
tg	m	lopù
tg	n	bghj
tg	o	iklmpàç
tg	p	lmoàçù
tg	q	aswxz
tg	r	defgt
tg	s	acdeqwxz
tg	t	fghry
tg	u	hijkyè
tg	v	bcdfg
tg	w	qsx
tg	x	cdqsw
tg	y	ghjtuè
tg	z	adeqsé
tg	à	opç
tg	ç	iopà
tg	è	iuy
tg	é	aez
tg	ù	mp
th	ก	ดปพหอำแไ
th	ข	จชบยล
th	ค	ตนรีึ
th	ง	บฝยลว
th	จ	ขตนบย
th	ช	ขบล
th	ด	กพอะำิเแ
th	ต	คจนยร
th	ถ	พภะัุ
th	ท	มาื
th	น	คจตยรวสา
th	บ	ขงจชยลว
th	ป	กผฟหแ
th	ผ	ปฟห
th	ฝ	งวสใ
th	พ	กดถภะำเ
th	ฟ	ปผหไๆ
th	ภ	ถพะำ
th	ม	ทสาใ
th	ย	ขงจตนบวส
th	ร	คตนสาีึ
th	ล	ขงชบ
th	ว	งนบฝยสใ
th	ส	นฝมยรวาใ
th	ห	กปผฟำแไๆ
th	อ	กดิเแ
th	ะ	ดถพภัุเ
th	ั	ถะีึุเ
th	า	ทนมรสีใ
th	ำ	กดพภหไ
th	ิ	ดอืเ
th	ี	ครัาึุ
th	ึ	ครัีุ
th	ื	ทิเ
th	ุ	ถะัีึ
th	เ	ดพอะัิื
th	แ	กดปหอ
th	ใ	ฝมวสา
th	ไ	กฟหำๅๆ
th	ๅ	ไๆ
th	ๆ	ฟหไๅ
tj	а	веикмпсу
tj	б	длоюӣ
tj	в	акмсучқҷ
tj	г	лнорш
tj	д	бжзлшюҳ
tj	е	акнпр
tj	ж	дзхэюҳ
tj	з	джхэғҳ
tj	и	ампрт
tj	й	фқҷ
tj	к	авепу
tj	л	бгдошюҳӣ
tj	м	авипс
tj	н	геопр
tj	о	бглнртшӣ
tj	п	аеикмнрт
tj	р	геиноптӣ
tj	с	авмчҷ
tj	т	иопрӣ
tj	у	авкқҷ
tj	ф	йчяқҷ
tj	х	жзъэғӯ
tj	ч	всфяҷ
tj	ш	гдлоҳ
tj	ъ	хэғӯ
tj	э	жзхъ
tj	ю	бджл
tj	я	фчҷ
tj	ғ	зхъӯ
tj	қ	вйуфҷ
tj	ҳ	джзлш
tj	ҷ	вйсуфчяқ
tj	ӣ	блорт
tj	ӯ	хъғ
tm	a	swzäü
tm	b	fghný
tm	d	efrswçüý
tm	e	dfrsw
tm	f	bdegrtçý
tm	g	bfhnrtyý
tm	h	bgjmntuy
tm	i	jklou
tm	j	hikmnuy
tm	k	ijlmou
tm	l	ikop
tm	m	hjkn
tm	n	bghjm
tm	o	iklp
tm	p	loň
tm	r	defgt
tm	s	adewzäçü
tm	t	fghry
tm	u	hijky
tm	w	adesä
tm	y	ghjtu
tm	z	asü
tm	ä	asw
tm	ç	dfsüý
tm	ö	ň
tm	ü	adszç
tm	ý	bdfgç
tm	ň	pö
tr	a	qswxz
tr	b	fghnv
tr	c	dfsvx
tr	d	cefrsvwx
tr	e	dfrsw
tr	f	bcdegrtv
tr	g	bfhnrtvy
tr	h	bgjmntuy
tr	i	jklou
tr	j	hikmnuyö
tr	k	ijlmouçö
tr	l	ikopçöş
tr	m	hjknö
tr	n	bghjm
tr	o	iklpş
tr	p	loğş
tr	q	asw
tr	r	defgt
tr	s	acdeqwxz
tr	t	fghry
tr	u	hijky
tr	v	bcdfg
tr	w	adeqs
tr	x	acdsz
tr	y	ghjtu
tr	z	asx
tr	ç	klöş
tr	ö	jklmç
tr	ü	ğ
tr	ğ	püş
tr	ş	lopçğ
trans	a	qswxy
trans	b	fghnv
trans	c	dfsvx
trans	d	cefrsvwx
trans	e	dfrsw
trans	f	bcdegrtv
trans	g	bfhnrtvz
trans	h	bgjmntuz
trans	i	jklou
trans	j	hikmnuz
trans	k	ijlmou
trans	l	ikop
trans	m	hjkn
trans	n	bghjm
trans	o	iklp
trans	p	lo
trans	q	asw
trans	r	defgt
trans	s	acdeqwxy
trans	t	fghrz
trans	u	hijkz
trans	v	bcdfg
trans	w	adeqs
trans	x	acdsy
trans	y	asx
trans	z	ghjtu
tw	a	qswxz
tw	b	fghnv
tw	c	dfsvx
tw	d	cefrsvwx
tw	e	dfrsw
tw	f	bcdegrtv
tw	g	bfhnrtvy
tw	h	bgjmntuy
tw	i	jklou
tw	j	hikmnuy
tw	k	ijlmou
tw	l	ikop
tw	m	hjkn
tw	n	bghjm
tw	o	iklp
tw	p	lo
tw	q	asw
tw	r	defgt
tw	s	acdeqwxz
tw	t	fghry
tw	u	hijky
tw	v	bcdfg
tw	w	adeqs
tw	x	acdsz
tw	y	ghjtu
tw	z	asx
tz	ء	پ
tz	ب	فنه
tz	ت	رفهي
tz	ج	كمنهيُِ
tz	خ	دزسَچ
tz	د	خرسفوچ
tz	ر	تدف
tz	ز	خسَ
tz	س	خدزقوَچ
tz	ف	بتدرچ
tz	ق	سوَ
tz	ك	جلمُِْ
tz	ل	كِْپ
tz	م	جكنه
tz	ن	بجمه
tz	ه	بتجمنيُ
tz	و	دسقَ
tz	ي	تجهُ
tz	َ	خزسقو
tz	ُ	جكهيِ
tz	ِ	جكلُْ
tz	ْ	كلِپ
tz	پ	ءلْ
tz	چ	خدسف
ua	а	веикмпсу
ua	б	длоью
ua	в	акмсуцчі
ua	г	лнорш
ua	д	бжзлшщю
ua	е	акнпр
ua	ж	дзхщює
ua	з	джхщє
ua	и	ампрт
ua	й	фці
ua	к	авепу
ua	л	бгдошщью
ua	м	авипс
ua	н	геопр
ua	о	бглнртшь
ua	п	аеикмнрт
ua	р	геинопть
ua	с	авмчі
ua	т	иопрь
ua	у	авкці
ua	ф	йцчяі
ua	х	жзєї
ua	ц	вйуфі
ua	ч	всфяі
ua	ш	гдлощ
ua	щ	джзлш
ua	ь	блорт
ua	ю	бджл
ua	я	фчі
ua	є	жзхї
ua	і	вйсуфцчя
ua	ї	хє
us	a	qswxz
us	b	fghnv
us	c	dfsvx
us	d	cefrsvwx
us	e	dfrsw
us	f	bcdegrtv
us	g	bfhnrtvy
us	h	bgjmntuy
us	i	jklou
us	j	hikmnuy
us	k	ijlmou
us	l	ikop
us	m	hjkn
us	n	bghjm
us	o	iklp
us	p	lo
us	q	asw
us	r	defgt
us	s	acdeqwxz
us	t	fghry
us	u	hijky
us	v	bcdfg
us	w	adeqs
us	x	acdsz
us	y	ghjtu
us	z	asx
uz	а	веикмпсу
uz	б	длоью
uz	в	акмсуцчқ
uz	г	лнорш
uz	д	бжзлшюў
uz	е	акнпр
uz	ж	дзхэюў
uz	з	джхэўғ
uz	и	ампрт
uz	й	фцқ
uz	к	авепу
uz	л	бгдошьюў
uz	м	авипс
uz	н	геопр
uz	о	бглнртшь
uz	п	аеикмнрт
uz	р	геинопть
uz	с	авмчқ
uz	т	иопрь
uz	у	авкцқ
uz	ф	йцчяқ
uz	х	жзъэғҳ
uz	ц	вйуфқ
uz	ч	всфяқ
uz	ш	гдлоў
uz	ъ	хэғҳ
uz	ь	блорт
uz	э	жзхъ
uz	ю	бджл
uz	я	фчқ
uz	ў	джзлш
uz	ғ	зхъҳ
uz	қ	вйсуфцчя
uz	ҳ	хъғ
vn	a	qswxz
vn	b	fghnv
vn	c	dfsvx
vn	d	cefrsvwx
vn	e	dfrswâêô
vn	f	bcdegrtv
vn	g	bfhnrtvy
vn	h	bgjmntuy
vn	i	jklou
vn	j	hikmnuy
vn	k	ijlmou
vn	l	ikop
vn	m	hjkn
vn	n	bghjm
vn	o	iklpđ
vn	p	lođư
vn	q	aswâă
vn	r	defgtêô
vn	s	acdeqwxz
vn	t	fghryô
vn	u	hijky
vn	v	bcdfg
vn	w	adeqsâêă
vn	x	acdsz
vn	y	ghjtu
vn	z	asx
vn	â	eqwêă
vn	ê	erwâô
vn	ô	ertê
vn	ă	qwâ
vn	đ	opư
vn	ơ	ư
vn	ư	pđơ
za	a	qswxz
za	b	fghnv
za	c	dfsvx
za	d	cefrsvwx
za	e	dfrsw
za	f	bcdegrtv
za	g	bfhnrtvy
za	h	bgjmntuy
za	i	jklou
za	j	hikmnuy
za	k	ijlmou
za	l	ikop
za	m	hjkn
za	n	bghjm
za	o	iklp
za	p	lo
za	q	asw
za	r	defgt
za	s	acdeqwxz
za	t	fghry
za	u	hijky
za	v	bcdfg
za	w	adeqs
za	x	acdsz
za	y	ghjtu
za	z	asx
